DATE,VIX,VXN,VXD
2019-01-02,23.22,30.09,23.06
2019-01-03,25.45,32.18,25.47
2019-01-04,21.38,28.57,22.16
2019-01-07,21.4,28.53,22.47
2019-01-08,20.47,27.66,21.17
2019-01-09,19.98,26.42,20.76
2019-01-10,19.5,25.91,19.64
2019-01-11,18.19,24.78,18.96
2019-01-14,19.07,25.74,19.3
2019-01-15,18.6,23.66,18.92
2019-01-16,19.04,24.07,18.94
2019-01-17,18.06,23.34,17.83
2019-01-18,17.8,21.89,17.59
2019-01-22,20.8,25.02,20.43
2019-01-23,19.52,24.5,19.48
2019-01-24,18.89,23.49,19.57
2019-01-25,17.42,21.78,18.75
2019-01-28,18.87,23.43,19.53
2019-01-29,19.13,23.86,19.31
2019-01-30,17.66,21.18,17.73
2019-01-31,16.57,20.24,17.11
2019-02-01,16.14,19.8,16.73
2019-02-04,15.73,19.68,16.26
2019-02-05,15.57,19.47,15.85
2019-02-06,15.38,19.74,15.54
2019-02-07,16.37,20.92,16.36
2019-02-08,15.72,20.04,15.84
2019-02-11,15.97,20.07,16.02
2019-02-12,15.43,18.69,15.29
2019-02-13,15.65,19,15.56
2019-02-14,16.22,19.02,15.82
2019-02-15,14.91,17.7,14.9
2019-02-19,14.88,18.1,15.12
2019-02-20,14.02,,14.5
2019-02-21,14.46,18.19,14.53
2019-02-22,13.51,16.95,14.11
2019-02-25,14.85,17.81,15.02
2019-02-26,15.17,18.11,15.19
2019-02-27,14.7,17.6,14.8
2019-02-28,14.78,17.17,14.77
2019-03-01,13.57,16.12,14.03
2019-03-04,14.63,17.36,15.51
2019-03-05,14.74,17.51,15.81
2019-03-06,15.74,18.23,15.96
2019-03-07,16.59,19.59,16.8
2019-03-08,16.05,19.12,16.18
2019-03-11,14.33,16.36,15.71
2019-03-12,13.77,15.76,15.14
2019-03-13,13.41,15.38,14.66
2019-03-14,13.5,15.65,14.41
2019-03-15,12.88,15.12,13.81
2019-03-18,13.1,16.18,14.03
2019-03-19,13.56,16.73,14.5
2019-03-20,13.91,16.64,14.88
2019-03-21,13.63,16.59,14.51
2019-03-22,16.48,19.83,17.43
2019-03-25,16.33,19.44,16.93
2019-03-26,14.68,18.63,15.66
2019-03-27,15.15,18.74,15.97
2019-03-28,14.43,17.99,15.31
2019-03-29,13.71,16.62,14.33
2019-04-01,13.4,16.31,13.9
2019-04-02,13.36,16.33,14.09
2019-04-03,13.74,16.62,14.27
2019-04-04,13.58,16.79,14.02
2019-04-05,12.82,16.17,13.61
2019-04-08,13.18,16.82,14.4
2019-04-09,14.28,17.65,15
2019-04-10,13.3,16.76,14.35
2019-04-11,13.02,16.66,14.28
2019-04-12,12.01,15.63,13.39
2019-04-15,12.32,15.93,13.25
2019-04-16,12.18,15.88,13.16
2019-04-17,12.6,15.86,13.16
2019-04-18,12.09,15.15,12.64
2019-04-22,12.42,15.74,13.07
2019-04-23,12.28,16.15,12.94
2019-04-24,13.14,16.67,13.48
2019-04-25,13.25,16.49,13.54
2019-04-26,12.73,15.79,13.2
2019-04-29,13.11,16.44,13.5
2019-04-30,13.12,16.6,13.56
2019-05-01,14.8,17.93,14.64
2019-05-02,14.42,17.62,14.71
2019-05-03,12.87,15.98,13.77
2019-05-06,15.44,18.7,15.63
2019-05-07,19.32,22.86,19.55
2019-05-08,19.4,22.52,18.89
2019-05-09,19.1,22.03,19.47
2019-05-10,16.04,19.1,16.76
2019-05-13,20.55,25.25,20.66
2019-05-14,18.06,22.23,18.29
2019-05-15,16.44,19.92,16.72
2019-05-16,15.29,18.4,15.43
2019-05-17,15.96,19.39,15.93
2019-05-20,16.31,21.64,16.57
2019-05-21,14.95,19.58,15.06
2019-05-22,14.75,19.84,14.85
2019-05-23,16.92,21.31,17.33
2019-05-24,15.85,20.63,16.05
2019-05-28,17.5,21.83,17.6
2019-05-29,17.9,22.23,18.3
2019-05-30,17.3,21.68,17.5
2019-05-31,18.71,23.23,19.24
2019-06-03,18.86,24.22,18.83
2019-06-04,16.97,21.49,17.18
2019-06-05,16.09,20.87,16.35
2019-06-06,15.93,20.32,15.68
2019-06-07,16.3,19.93,15.54
2019-06-10,15.94,19.98,15.63
2019-06-11,15.99,20.22,15.68
2019-06-12,15.91,20.58,15.74
2019-06-13,15.82,20.03,15.41
2019-06-14,15.28,19.85,15.14
2019-06-17,15.35,20.04,15.08
2019-06-18,15.15,19.51,14.77
2019-06-19,14.33,18.8,14.07
2019-06-20,14.75,18.71,14.15
2019-06-21,15.4,19.18,14.63
2019-06-24,15.26,19.46,15.04
2019-06-25,16.28,20.77,15.85
2019-06-26,16.21,20.46,15.87
2019-06-27,15.82,20.07,15.81
2019-06-28,15.08,19.76,15.32
2019-07-01,14.06,17.64,13.94
2019-07-02,12.93,16.29,12.89
2019-07-03,12.57,16.15,12.9
2019-07-05,13.28,16.47,
2019-07-08,13.96,17.77,13.66
2019-07-09,14.09,17.42,13.81
2019-07-10,13.03,16.43,13.08
2019-07-11,12.93,16.64,12.76
2019-07-12,12.39,16.25,12.44
2019-07-15,12.68,16.22,12.55
2019-07-16,12.86,16.66,13.13
2019-07-17,13.97,18,13.52
2019-07-18,13.53,17.01,13.67
2019-07-19,14.45,17.69,13.8
2019-07-22,13.53,17.07,13.71
2019-07-23,12.61,16.07,13.25
2019-07-24,12.07,15.41,13.08
2019-07-25,12.74,16.02,13.68
2019-07-26,12.16,15.42,13.38
2019-07-29,12.83,16.35,13.63
2019-07-30,13.94,17.53,14.22
2019-07-31,16.12,18.78,15.32
2019-08-01,17.87,21.06,17.84
2019-08-02,17.61,21.37,18.11
2019-08-05,24.59,27.56,23.23
2019-08-06,20.17,24.27,19.73
2019-08-07,19.49,23.47,19.5
2019-08-08,16.91,21.14,17.22
2019-08-09,17.97,21.77,17.95
2019-08-12,21.09,25.18,20.8
2019-08-13,17.52,21.82,17.65
2019-08-14,22.1,26.38,22.11
2019-08-15,21.18,24.79,21.19
2019-08-16,18.47,21.51,18.87
2019-08-19,16.88,20.43,17.39
2019-08-20,17.5,21.27,17.9
2019-08-21,15.8,19.81,16.02
2019-08-22,16.68,20.83,17.13
2019-08-23,19.87,23.66,20.58
2019-08-26,19.32,23.24,19.81
2019-08-27,20.31,24.11,20.44
2019-08-28,19.35,23.12,19.46
2019-08-29,17.88,21.25,17.67
2019-08-30,18.98,22.39,18.41
2019-09-03,19.66,23.37,19.57
2019-09-04,17.33,21.44,18.02
2019-09-05,16.27,19.91,17
2019-09-06,15,18.82,15.75
2019-09-09,15.27,19.42,15.95
2019-09-10,15.2,19.57,15.38
2019-09-11,14.61,18.6,14.13
2019-09-12,14.22,17.88,13.96
2019-09-13,13.74,18.13,13.75
2019-09-16,14.67,19.04,14.59
2019-09-17,14.44,18.58,14.82
2019-09-18,13.95,18.04,14.18
2019-09-19,14.05,17.55,13.97
2019-09-20,15.32,19.11,15.88
2019-09-23,14.91,18.64,16.4
2019-09-24,17.05,20.45,16.91
2019-09-25,15.96,19.14,15.98
2019-09-26,16.07,19.41,16.45
2019-09-27,17.22,20.89,17.33
2019-09-30,16.24,20.03,16.36
2019-10-01,18.56,21.95,18.66
2019-10-02,20.56,23.71,20.11
2019-10-03,19.12,22.33,18.94
2019-10-04,17.04,20.24,16.71
2019-10-07,17.86,21.63,17.34
2019-10-08,20.28,23.4,19.31
2019-10-09,18.64,21.88,17.92
2019-10-10,17.57,21,17.33
2019-10-11,15.58,19.44,15.75
2019-10-14,14.57,18.61,14.5
2019-10-15,13.54,17.18,13.31
2019-10-16,13.68,17.58,13.49
2019-10-17,13.79,17.39,13.43
2019-10-18,14.25,17.82,14.57
2019-10-21,14,17.39,14.62
2019-10-22,14.46,18.34,14.52
2019-10-23,14.01,17.78,14.14
2019-10-24,13.71,17.35,13.71
2019-10-25,12.65,16.17,13.36
2019-10-28,13.11,16.81,13.64
2019-10-29,13.2,17.47,14.17
2019-10-30,12.33,16.71,13.52
2019-10-31,13.22,17.36,14.09
2019-11-01,12.3,16.27,12.94
2019-11-04,12.83,16.56,13.26
2019-11-05,13.1,17.08,13.43
2019-11-06,12.62,16.45,13.44
2019-11-07,12.73,16.66,13.08
2019-11-08,12.07,16.17,13.12
2019-11-11,12.69,16.04,12.67
2019-11-12,12.68,15.86,12.66
2019-11-13,13,16.24,12.92
2019-11-14,13.05,15.85,13.14
2019-11-15,12.05,14.57,11.88
2019-11-18,12.46,14.94,13.08
2019-11-19,12.86,15.25,12.81
2019-11-20,12.78,15.61,13.19
2019-11-21,13.13,16.07,13.53
2019-11-22,12.34,15.6,12.69
2019-11-25,11.87,15.08,12.46
2019-11-26,11.54,14.78,12.16
2019-11-27,11.75,14.86,12.36
2019-11-29,12.62,15.84,13.48
2019-12-02,14.91,18.07,15.11
2019-12-03,15.96,19.16,16.39
2019-12-04,14.8,18.33,15.34
2019-12-05,14.52,17.97,14.79
2019-12-06,13.62,16.44,13.81
2019-12-09,15.86,18.15,14.67
2019-12-10,15.68,18.02,14.92
2019-12-11,14.99,17.41,14.55
2019-12-12,13.94,16.55,13.77
2019-12-13,12.63,15.09,12.28
2019-12-16,12.14,14.02,11.64
2019-12-17,12.29,14.42,11.48
2019-12-18,12.58,14.75,11.61
2019-12-19,12.5,14.42,11.48
2019-12-20,12.51,14.47,11.63
2019-12-23,12.61,15.16,12.22
2019-12-24,12.67,15.14,12.06
2019-12-26,12.65,15.07,11.97
2019-12-27,13.43,16.36,12.64
2019-12-30,14.82,17.9,14.08
2019-12-31,13.78,16.89,13.29
2020-01-02,12.47,16,12.27
2020-01-03,14.02,16.95,14.09
2020-01-06,13.85,17.19,14.04
2020-01-07,13.79,17.15,13.96
2020-01-08,13.45,16.93,13.44
2020-01-09,12.54,16.04,12.86
2020-01-10,12.56,16.48,13.49
2020-01-13,12.32,15.57,12.04
2020-01-14,12.39,15.83,12.09
2020-01-15,12.42,15.54,11.82
2020-01-16,12.32,14.95,11.46
2020-01-17,12.1,14.97,11.9
2020-01-21,12.85,16.22,13.28
2020-01-22,12.91,16.49,13.69
2020-01-23,12.98,16.23,13.39
2020-01-24,14.56,18.07,14.8
2020-01-27,18.23,21.46,17.58
2020-01-28,16.28,19.61,15.87
2020-01-29,16.39,19.57,15.73
2020-01-30,15.49,17.75,15.35
2020-01-31,18.84,21.33,17.95
2020-02-03,17.97,20.4,17.47
2020-02-04,16.05,18.45,15.72
2020-02-05,15.15,18.52,14.82
2020-02-06,14.96,18.41,14.56
2020-02-07,15.47,19.42,15.4
2020-02-10,15.04,19.31,15.03
2020-02-11,15.18,19.66,15.19
2020-02-12,13.74,18.04,14.05
2020-02-13,14.15,18.46,14.64
2020-02-14,13.68,17.95,14.3
2020-02-18,14.83,19.12,15.24
2020-02-19,14.38,18.58,14.88
2020-02-20,15.56,20.33,16.26
2020-02-21,17.08,22.46,17.7
2020-02-24,25.03,29.23,24.03
2020-02-25,27.85,31.03,27.49
2020-02-26,27.56,30.38,27.01
2020-02-27,39.16,41,37.65
2020-02-28,40.11,43.13,42.67
2020-03-02,33.42,35.1,34.19
2020-03-03,36.82,39.33,37.29
2020-03-04,31.99,33.54,31.33
2020-03-05,39.62,41.4,38.65
2020-03-06,41.94,43.97,42.3
2020-03-09,54.46,53.68,52.03
2020-03-10,47.3,47.43,47.78
2020-03-11,53.9,50.7,53.63
2020-03-12,75.47,67.83,64.74
2020-03-13,57.83,51.84,55.14
2020-03-16,82.69,80.08,63.81
2020-03-17,75.91,71.55,61.93
2020-03-18,76.45,74.22,67.07
2020-03-19,72,69.12,63.31
2020-03-20,66.04,63.85,54.26
2020-03-23,61.59,58.36,50.49
2020-03-24,61.67,56.95,58.38
2020-03-25,63.95,60.99,65.22
2020-03-26,61,57.6,61.33
2020-03-27,65.54,61.38,63.51
2020-03-30,57.08,55.04,59.72
2020-03-31,53.54,51.29,54.6
2020-04-01,57.06,54.29,55.8
2020-04-02,50.91,48.91,52.15
2020-04-03,46.8,44.87,48.49
2020-04-06,45.24,42.93,45.97
2020-04-07,46.7,44.69,48.15
2020-04-08,43.35,42.34,46.31
2020-04-09,41.67,41.36,46.03
2020-04-13,41.17,41.34,46.05
2020-04-14,37.76,38.33,41.32
2020-04-15,40.84,40.85,43.83
2020-04-16,40.11,40.36,44.19
2020-04-17,38.15,38.37,41.65
2020-04-20,43.83,43.85,45.54
2020-04-21,45.41,45.37,48
2020-04-22,41.98,42.37,44.77
2020-04-23,41.38,41.66,43.67
2020-04-24,35.93,36.5,38.99
2020-04-27,33.29,35.26,36.76
2020-04-28,33.57,36.61,36.8
2020-04-29,31.23,32.85,34.31
2020-04-30,34.15,35.28,36.55
2020-05-01,37.19,37.76,38.46
2020-05-04,35.97,36.86,37.54
2020-05-05,33.61,35.37,35.08
2020-05-06,34.12,35.6,35.37
2020-05-07,31.44,33.58,33.64
2020-05-08,27.98,30.64,30.91
2020-05-11,27.57,28.82,31.98
2020-05-12,33.04,33.3,35.71
2020-05-13,35.28,36.12,38.19
2020-05-14,32.61,33.79,35.89
2020-05-15,31.89,33.49,34.86
2020-05-18,29.3,30.22,32.65
2020-05-19,30.53,30.74,33.29
2020-05-20,27.99,29.12,30.62
2020-05-21,29.53,30.73,30.92
2020-05-22,28.16,29.36,29.89
2020-05-26,28.01,29.42,29.63
2020-05-27,27.62,29.52,28.85
2020-05-28,28.59,29.68,30.39
2020-05-29,27.51,27.96,28.73
2020-06-01,28.23,28.99,29.43
2020-06-02,26.84,27.68,28.45
2020-06-03,25.66,27.45,27.25
2020-06-04,25.81,27.43,26.7
2020-06-05,24.52,25.53,26.55
2020-06-08,25.81,26.8,28.16
2020-06-09,27.57,28.7,29.47
2020-06-10,27.57,29.32,30.35
2020-06-11,40.79,36.81,40.79
2020-06-12,36.09,35.49,39.18
2020-06-15,34.4,33.67,36.35
2020-06-16,33.67,32.69,35.76
2020-06-17,33.47,32.91,35.6
2020-06-18,32.94,31.57,34.96
2020-06-19,35.12,32.54,36.3
2020-06-22,31.77,31.38,34.7
2020-06-23,31.37,31.23,33.64
2020-06-24,33.84,33.58,35.38
2020-06-25,32.22,31.81,33.48
2020-06-26,34.73,33.81,35.71
2020-06-29,31.78,32.3,33.13
2020-06-30,30.43,30.75,31.14
2020-07-01,28.62,29.51,30.81
2020-07-02,27.68,28.6,28.59
2020-07-06,27.94,30.2,29.04
2020-07-07,29.43,31.72,30.68
2020-07-08,28.08,31.05,29.62
2020-07-09,29.26,32.68,31.37
2020-07-10,27.29,32.02,29.46
2020-07-13,32.19,37.6,33.12
2020-07-14,29.52,37.61,31.34
2020-07-15,27.76,35.84,30.1
2020-07-16,28,34.42,29.83
2020-07-17,25.68,30.77,27.93
2020-07-20,24.46,30.91,26.72
2020-07-21,24.84,30.91,26.79
2020-07-22,24.32,30.46,26.46
2020-07-23,26.08,32.75,27.08
2020-07-24,25.84,32.61,26.79
2020-07-27,24.74,31.55,26.09
2020-07-28,25.44,31.83,25.81
2020-07-29,24.1,30.13,24.85
2020-07-30,24.76,30.2,25.37
2020-07-31,24.46,27.93,23.87
2020-08-03,24.28,29.27,24.16
2020-08-04,23.76,29.12,23.16
2020-08-05,22.99,28.5,22.88
2020-08-06,22.65,28.53,22.85
2020-08-07,22.21,29.76,23.34
2020-08-10,22.13,29.86,23.35
2020-08-11,24.03,31.87,25.41
2020-08-12,22.28,30.16,23.97
2020-08-13,22.13,29.84,23.88
2020-08-14,22.05,29.15,23.5
2020-08-17,21.35,27.73,22.57
2020-08-18,21.51,26.9,22.25
2020-08-19,22.54,28.88,22.93
2020-08-20,22.72,28.44,22.8
2020-08-21,22.54,28.62,21.83
2020-08-24,22.37,29.83,22.68
2020-08-25,22.03,29.11,22.36
2020-08-26,23.27,32.1,23.4
2020-08-27,24.47,33.32,24.43
2020-08-28,22.96,32.8,23.84
2020-08-31,26.41,34.55,26.01
2020-09-01,26.12,34.67,26.2
2020-09-02,26.57,36.8,26.64
2020-09-03,33.6,42.09,31.47
2020-09-04,30.75,41.74,29.43
2020-09-08,31.46,41.02,30.15
2020-09-09,28.81,38.25,27.7
2020-09-10,29.71,37.92,27.62
2020-09-11,26.87,35.27,26
2020-09-14,25.85,33.56,24.2
2020-09-15,25.59,33.79,23.6
2020-09-16,26.04,35.48,22.57
2020-09-17,26.46,36.27,23.42
2020-09-18,25.83,36.04,23.53
2020-09-21,27.78,36.43,26.46
2020-09-22,26.86,35.24,25.75
2020-09-23,28.58,37.25,27.39
2020-09-24,28.51,36.99,27.4
2020-09-25,26.38,34.93,26.39
2020-09-28,26.19,34.66,26.25
2020-09-29,26.27,35.25,26.69
2020-09-30,26.37,35.42,26.7
2020-10-01,26.7,34.99,27.18
2020-10-02,27.63,36.44,27.59
2020-10-05,27.96,35.67,27.46
2020-10-06,29.48,36.67,28.01
2020-10-07,28.06,35.61,26.71
2020-10-08,26.36,34.43,25.86
2020-10-09,25,32.6,24.26
2020-10-12,25.07,33.44,24.06
2020-10-13,26.07,34.48,25.05
2020-10-14,26.4,34.04,25.21
2020-10-15,26.97,34.54,25.46
2020-10-16,27.41,,
2020-10-19,29.18,36.14,27.4
2020-10-20,29.35,35.25,27.71
2020-10-21,28.65,35.08,27.18
2020-10-22,28.11,34.28,26.33
2020-10-23,27.55,33.45,25.56
2020-10-26,32.46,37.41,30.18
2020-10-27,33.35,36.56,30.3
2020-10-28,40.28,43.39,35.48
2020-10-29,37.59,40.08,34.93
2020-10-30,38.02,41.3,35.18
2020-11-02,37.13,40.9,34.06
2020-11-03,35.55,38.38,32.56
2020-11-04,29.57,33.36,27.43
2020-11-05,27.58,32.82,25.97
2020-11-06,24.86,30.01,25.07
2020-11-09,25.75,31.32,24.99
2020-11-10,24.8,32.53,25.29
2020-11-11,23.45,30.29,24.11
2020-11-12,25.35,30.91,25.52
2020-11-13,23.1,29.03,23.96
2020-11-16,22.45,27.37,23.26
2020-11-17,22.71,27.31,22.86
2020-11-18,23.84,27.47,23.47
2020-11-19,23.11,26.81,22.21
2020-11-20,23.7,26.91,22.69
2020-11-23,22.66,26.64,22.3
2020-11-24,21.64,25.99,22.22
2020-11-25,21.25,25.69,22.35
2020-11-27,20.84,26.12,22.27
2020-11-30,20.57,26.68,22.88
2020-12-01,20.77,27.41,22.95
2020-12-02,21.17,27.55,23.04
2020-12-03,21.28,27.39,22.21
2020-12-04,20.79,27.02,21.21
2020-12-07,21.3,27.2,21.94
2020-12-08,20.68,26.08,21.55
2020-12-09,22.27,29.32,21.96
2020-12-10,22.52,29.15,21.78
2020-12-11,23.31,29,22.58
2020-12-14,24.72,29.44,23.07
2020-12-15,22.89,28.1,21.68
2020-12-16,22.5,27.85,21.88
2020-12-17,21.93,27.04,20.41
2020-12-18,21.57,26.91,20.05
2020-12-21,25.16,28.35,22.75
2020-12-22,24.23,27.94,22.8
2020-12-23,23.31,27.33,21.29
2020-12-24,21.53,25.94,20.49
2020-12-28,21.7,25.91,20.12
2020-12-29,23.08,26.82,20.93
2020-12-30,22.77,26.29,20.71
2020-12-31,22.75,26.93,20.53
2021-01-04,26.97,30.13,24.01
2021-01-05,25.34,28.42,23.73
2021-01-06,25.07,29.27,23.79
2021-01-07,22.37,26.99,21.64
2021-01-08,21.56,27.93,21
2021-01-11,24.08,28.92,22.86
2021-01-12,23.33,28.33,22.07
2021-01-13,22.21,27.36,21.61
2021-01-14,23.25,28.55,21.65
2021-01-15,24.34,29.17,22.14
2021-01-19,23.24,27.71,22.38
2021-01-20,21.58,26.79,21
2021-01-21,21.32,27.01,20.31
2021-01-22,21.91,28.07,20.46
2021-01-25,23.19,28.73,22.1
2021-01-26,23.02,29.2,22.49
2021-01-27,37.21,39.61,27.58
2021-01-28,30.21,35.05,24.91
2021-01-29,33.09,37.44,28.68
2021-02-01,30.24,34.24,26.82
2021-02-02,25.56,29.49,23.34
2021-02-03,22.91,29.03,21.3
2021-02-04,21.77,27.09,19.97
2021-02-05,20.87,25.46,20.16
2021-02-08,21.24,26.18,19.87
2021-02-09,21.63,26.6,19.69
2021-02-10,21.99,27.41,20.38
2021-02-11,21.25,27.07,20.24
2021-02-12,19.97,26.36,19.36
2021-02-16,21.46,28.52,19.69
2021-02-17,21.5,28.26,19.67
2021-02-18,22.49,27.59,20.01
2021-02-19,22.05,27.74,20.29
2021-02-22,23.45,31.02,20.75
2021-02-23,23.11,30.62,20.63
2021-02-24,21.34,28.67,19.96
2021-02-25,28.89,36.16,23.47
2021-02-26,27.95,34.06,24.1
2021-03-01,23.35,28.67,21.2
2021-03-02,24.1,30.11,21.08
2021-03-03,26.67,33.92,22.29
2021-03-04,28.57,34.83,24.15
2021-03-05,24.66,31.89,21.98
2021-03-08,25.47,33.87,24.4
2021-03-09,24.03,32.15,22.19
2021-03-10,22.56,31.52,22.02
2021-03-11,21.91,30.04,20.69
2021-03-12,20.69,30.1,19.52
2021-03-15,20.03,28.72,19.12
2021-03-16,19.79,29.27,18.8
2021-03-17,19.23,27.98,18.58
2021-03-18,21.58,30.61,19.83
2021-03-19,20.95,29.65,19.1
2021-03-22,18.88,26.7,18.37
2021-03-23,20.3,27.83,18.9
2021-03-24,21.2,28.97,19.4
2021-03-25,19.81,27.63,18.56
2021-03-26,18.86,25.64,17.66
2021-03-29,20.74,26.94,21.89
2021-03-30,19.61,26.39,17.99
2021-03-31,19.4,24.89,17.82
2021-04-01,17.33,23.21,17.17
2021-04-02,,23.21,17.17
2021-04-05,17.91,23.93,17.15
2021-04-06,18.12,23.86,16.77
2021-04-07,17.16,23.43,16.54
2021-04-08,16.95,23.49,16.35
2021-04-09,16.69,23.23,16.21
2021-04-12,16.91,22.49,15.74
2021-04-13,16.65,22.11,16.08
2021-04-14,16.99,22.64,15.9
2021-04-15,16.57,21.68,15.43
2021-04-16,16.25,20.51,14.41
2021-04-19,17.29,22.82,15.32
2021-04-20,18.68,24.37,16.7
2021-04-21,17.5,22.82,16.13
2021-04-22,18.71,24,17.38
2021-04-23,17.33,22.32,16.36
2021-04-26,17.64,22.57,16.6
2021-04-27,17.56,22.71,16.73
2021-04-28,17.28,22.36,16.59
2021-04-29,17.61,22.42,16.26
2021-04-30,18.61,22.9,16.21
2021-05-03,18.31,23.34,16.09
2021-05-04,19.48,25.7,16.9
2021-05-05,19.15,25.66,16.12
2021-05-06,18.39,24.83,18.03
2021-05-07,16.69,22.79,15.19
2021-05-10,19.66,26.59,17.19
2021-05-11,21.84,27.86,19.3
2021-05-12,27.59,31.87,25.36
2021-05-13,23.13,29.02,19.97
2021-05-14,18.81,24.99,17.31
2021-05-17,19.72,25.59,17.61
2021-05-18,21.34,26.14,18.24
2021-05-19,22.18,26.66,19.42
2021-05-20,20.67,24.24,18.28
2021-05-21,20.15,24.3,17.56
2021-05-24,18.4,22.76,16.88
2021-05-25,18.84,23.4,16.61
2021-05-26,17.36,22.35,15.81
2021-05-27,16.74,22.12,15.46
2021-05-28,16.76,21.44,14.82
2021-06-01,17.9,22.68,17.95
2021-06-02,17.48,22.01,15.3
2021-06-03,18.04,23.25,15.88
2021-06-04,16.42,21.22,14.84
2021-06-07,16.42,21.37,15.22
2021-06-08,17.07,21.58,15.23
2021-06-09,17.89,22.01,15.6
2021-06-10,16.1,19.98,14.78
2021-06-11,15.65,19.16,14.14
2021-06-14,16.39,20.06,14.43
2021-06-15,17.02,20.93,14.59
2021-06-16,18.15,21.46,15.17
2021-06-17,17.75,20.35,15.74
2021-06-18,20.7,22.43,19.09
2021-06-21,17.89,20.78,17.13
2021-06-22,16.66,20,16.34
2021-06-23,16.32,19.82,16.26
2021-06-24,15.97,19.6,15.33
2021-06-25,15.62,19.31,14.49
2021-06-28,15.76,19.58,15.11
2021-06-29,16.02,20.09,15.32
2021-06-30,15.83,20.14,14.76
2021-07-01,15.48,20.07,14.06
2021-07-02,15.07,19.28,13.66
2021-07-06,16.44,21,17.89
2021-07-07,16.2,21.11,14.27
2021-07-08,19,23.6,17.34
2021-07-09,16.18,21.23,12.45
2021-07-12,16.17,19.68,14.86
2021-07-13,17.12,20.87,2.71
2021-07-14,16.33,19.99,15.51
2021-07-15,17.01,20.11,15.47
2021-07-16,18.45,21.06,15.3
2021-07-19,22.5,23.44,21.27
2021-07-20,19.73,21.68,18.97
2021-07-21,17.91,20.4,17.91
2021-07-22,17.69,19.78,17.48
2021-07-23,17.2,19.06,19.73
2021-07-25,,,12.99
2021-07-26,17.58,20.37,17.55
2021-07-27,19.36,22.84,18.88
2021-07-28,18.31,20.96,17.89
2021-07-29,17.7,20.55,17.11
2021-07-30,18.24,20.81,17.88
2021-08-02,19.46,21.49,18.54
2021-08-03,18.04,20.52,17.52
2021-08-04,17.97,20.68,17.96
2021-08-05,17.28,20.19,16.93
2021-08-06,16.15,19.61,16.39
2021-08-09,16.72,19.69,17.32
2021-08-10,16.79,20.38,17.17
2021-08-11,16.06,20.45,16.33
2021-08-12,15.59,19.4,15.79
2021-08-13,15.45,18.52,15.77
2021-08-16,16.12,19.05,16.51
2021-08-17,17.91,21.17,17.91
2021-08-18,21.57,24.35,20.41
2021-08-19,21.67,23.52,19.55
2021-08-20,18.56,20.97,18.6
2021-08-23,17.15,19.8,16.57
2021-08-24,17.22,19.86,16.12
2021-08-25,16.79,19.6,15.48
2021-08-26,18.84,21.37,17.21
2021-08-27,16.39,18.54,15.07
2021-08-30,16.19,19.08,14.98
2021-08-31,16.48,19.48,14.88
2021-09-01,16.11,19.84,14.97
2021-09-02,16.41,20.03,14.78
2021-09-03,16.41,19.75,14.56
2021-09-07,18.14,20.96,15.49
2021-09-08,17.96,20.81,16.73
2021-09-09,18.8,21.45,17.21
2021-09-10,20.95,22.75,17.98
2021-09-13,19.37,21.6,17.52
2021-09-14,19.46,21.68,18.72
2021-09-15,18.18,20.12,17.36
2021-09-16,18.69,20.17,17.59
2021-09-17,20.81,22.27,18.81
2021-09-20,25.71,27.23,23.78
2021-09-21,24.36,26.42,23.12
2021-09-22,20.87,22.97,20.06
2021-09-23,18.63,21.22,17.9
2021-09-24,17.75,20.93,17.39
2021-09-27,18.76,21.83,18.4
2021-09-28,23.25,27.35,21.73
2021-09-29,22.56,26.71,21.57
2021-09-30,23.14,26.65,23.14
2021-10-01,21.15,24.84,20.64
2021-10-04,22.96,27.72,22.85
2021-10-05,21.3,25.45,21.85
2021-10-06,21,24.87,21.33
2021-10-07,19.54,23.22,19.83
2021-10-08,18.77,23.16,19.34
2021-10-11,20,23.49,19.16
2021-10-12,19.85,23.41,18.94
2021-10-13,18.64,21.23,17.79
2021-10-14,16.86,19.09,15.53
2021-10-15,16.3,18.51,14.9
2021-10-18,16.31,18.83,16.07
2021-10-19,15.7,18.31,15.23
2021-10-20,15.49,18.73,14.97
2021-10-21,15.01,18.63,14.41
2021-10-22,15.43,19.12,14.94
2021-10-25,15.24,18.8,15.34
2021-10-26,15.98,19.38,16
2021-10-27,16.98,20.12,16.08
2021-10-28,16.53,19.75,15.42
2021-10-29,16.26,19.64,15.76
2021-11-01,16.41,19.73,16.1
2021-11-02,16.03,19.73,15.56
2021-11-03,15.1,19.43,14.86
2021-11-04,15.44,20.26,14.65
2021-11-05,16.48,21.57,14.65
2021-11-08,17.22,21.88,15.76
2021-11-09,17.78,22.69,16.58
2021-11-10,18.73,23.27,17.49
2021-11-11,17.66,22.37,16.28
2021-11-12,16.29,21.42,15.9
2021-11-15,16.49,21.71,15.45
2021-11-16,16.37,21.28,14.95
2021-11-17,17.11,21.56,15.99
2021-11-18,17.59,21.39,16.2
2021-11-19,17.91,21.75,17.45
2021-11-22,19.17,23.5,17.4
2021-11-23,19.38,24.43,17.86
2021-11-24,18.58,23.82,17.5
2021-11-26,28.62,28.45,24.49
2021-11-29,22.96,24.63,22.78
2021-11-30,27.19,27.39,26.22
2021-12-01,31.12,30.95,28.09
2021-12-02,27.95,29.78,27.81
2021-12-03,30.67,33.41,29.85
2021-12-06,27.18,30.17,26.5
2021-12-07,21.89,25.79,22.77
2021-12-08,19.9,24.82,21.46
2021-12-09,21.58,26.42,21
2021-12-10,18.69,23.95,18.79
2021-12-13,20.31,24.04,18.71
2021-12-14,21.89,25.31,20
2021-12-15,19.29,23.42,20.45
2021-12-16,20.57,25.24,19.87
2021-12-17,21.57,26.55,21.67
2021-12-20,22.87,27.88,22.91
2021-12-21,21.01,24.96,20.5
2021-12-22,18.63,22.15,18.09
2021-12-23,17.96,21.32,17.29
2021-12-24,,21.32,17.29
2021-12-27,17.68,21.72,17.62
2021-12-28,17.54,21.54,18.13
2021-12-29,16.95,21.28,17.53
2021-12-30,17.33,21.38,17.7
2021-12-31,17.22,21.2,17.57
2022-01-03,16.6,21.17,17.41
2022-01-04,16.91,22.32,17.52
2022-01-05,19.73,25.98,19.1
2022-01-06,19.61,25.81,19.87
2022-01-07,18.76,25.65,18.68
2022-01-10,19.4,25.83,18.73
2022-01-11,18.41,24.28,17.27
2022-01-12,17.62,23.44,16.4
2022-01-13,20.31,27.05,18.37
2022-01-14,19.19,25.72,17.95
2022-01-18,22.79,29.36,21.35
2022-01-19,23.85,29.02,21.87
2022-01-20,25.59,30.61,23.99
2022-01-21,28.85,34.06,25.49
2022-01-24,29.9,35.55,26.89
2022-01-25,31.16,38.2,28.2
2022-01-26,31.96,38.1,29.22
2022-01-27,30.49,36.64,27.87
2022-01-28,27.66,33.31,24.51
2022-01-31,24.83,30.16,23.27
2022-02-01,21.96,28,20.57
2022-02-02,22.09,29.58,20.16
2022-02-03,24.35,31.24,22.57
2022-02-04,23.22,30.32,21.62
2022-02-07,22.86,30.02,21.96
2022-02-08,21.44,28.33,20.38
2022-02-09,19.96,26.87,19.44
2022-02-10,23.91,30.07,22.36
2022-02-11,27.36,34.16,25.67
2022-02-14,28.33,34.07,26.88
2022-02-15,25.7,31.16,23.15
2022-02-16,24.29,29.45,22.39
2022-02-17,28.11,33.21,26.1
2022-02-18,27.75,33.05,26.08
2022-02-22,28.81,33.13,26.82
2022-02-23,31.02,35.27,27.73
2022-02-24,30.32,34.02,27.49
2022-02-25,27.59,31.19,25.07
2022-02-28,30.15,32.72,27.34
2022-03-01,33.32,35.22,30.08
2022-03-02,30.74,33.05,26.91
2022-03-03,30.48,33.34,27.2
2022-03-04,31.98,34.89,27.91
2022-03-07,36.45,38.73,32.07
2022-03-08,35.13,38.02,31.69
2022-03-09,32.45,35.34,28.86
2022-03-10,30.23,34.23,27.34
2022-03-11,30.75,34.85,27.35
2022-03-14,31.77,36.55,28.69
2022-03-15,29.83,34.65,26.69
2022-03-16,26.67,30.81,23.07
2022-03-17,25.67,29.51,21.91
2022-03-18,23.87,27.76,21.07
2022-03-21,23.53,28.66,21.16
2022-03-22,22.94,27.71,19.92
2022-03-23,23.57,28.84,20.86
2022-03-24,21.67,27.89,19.31
2022-03-25,20.81,27.34,18.83
2022-03-28,19.63,26.53,18.13
2022-03-29,18.9,25.87,17.7
2022-03-30,19.33,26.4,17.96
2022-03-31,20.56,26.99,18.8
2022-04-01,19.63,25.91,18.27
2022-04-04,18.57,24.93,17.38
2022-04-05,21.03,27.4,19.62
2022-04-06,22.1,28.91,20.1
2022-04-07,21.55,28.48,20.04
2022-04-08,21.16,28.06,19.53
2022-04-11,24.37,30.75,21.1
2022-04-12,24.26,30.38,22.77
2022-04-13,21.82,26.85,23.34
2022-04-14,22.7,28.86,20.23
2022-04-18,22.17,29.53,19.41
2022-04-19,21.37,29.1,18.78
2022-04-20,20.32,28.47,17.6
2022-04-21,22.68,31.37,20
2022-04-22,28.21,35.39,24.63
2022-04-25,27.02,33.83,23.64
2022-04-26,33.52,38.93,28.17
2022-04-27,31.6,36.91,24.18
2022-04-28,29.99,35.49,20.93
2022-04-29,33.4,38.25,24.51
2022-05-02,32.34,37.81,23.64
2022-05-03,29.25,36,23.86
2022-05-04,25.42,31.98,15.57
2022-05-05,31.2,37.19,24.37
2022-05-06,30.19,37.4,24.25
2022-05-09,34.75,41.43,24.78
2022-05-10,32.99,40.08,23.79
2022-05-11,32.56,40.67,24.22
2022-05-12,31.77,41.36,24.62
2022-05-13,28.87,37.61,24.83
2022-05-16,27.47,37.44,24.82
2022-05-17,26.1,33.88,23.3
2022-05-18,30.96,38.81,28.71
2022-05-19,29.35,36.15,23.42
2022-05-20,29.43,36.18,23.62
2022-05-23,28.48,35.18,22.86
2022-05-24,29.45,36.17,24.66
2022-05-25,28.37,35.38,22.11
2022-05-26,27.5,33.63,21.7
2022-05-27,25.72,32,21.1
2022-05-30,26.54,,
2022-05-31,26.19,33.01,19.3
2022-06-01,25.69,32.6,21.31
2022-06-02,24.72,31.44,20.44
2022-06-03,24.79,31.75,20.68
2022-06-06,25.07,32.16,20.57
2022-06-07,24.02,31.03,19.73
2022-06-08,23.96,30.69,19.81
2022-06-09,26.09,32.73,21.72
2022-06-10,27.75,33.97,21.37
2022-06-13,34.02,40.36,26.48
2022-06-14,32.69,38.51,27.31
2022-06-15,29.62,35.35,24.9
2022-06-16,32.95,38.67,27.85
2022-06-17,31.13,36.66,25.84
2022-06-20,31.03,,
2022-06-21,30.19,36.06,25.73
2022-06-22,28.95,35.94,25.02
2022-06-23,29.05,35.3,25.05
2022-06-24,27.23,33.77,22.82
2022-06-27,26.95,33.56,21.09
2022-06-28,28.36,35.43,25.38
2022-06-29,28.16,35.33,23.74
2022-06-30,28.71,36.21,17.81
2022-07-01,26.7,34.27,18.66
2022-07-04,27.53,,
2022-07-05,27.54,34.86,23.46
2022-07-06,26.73,33.75,23.08
2022-07-07,26.08,32.81,22.87
2022-07-08,24.64,31.18,20.83
2022-07-11,26.17,32.93,22.21
2022-07-12,27.29,33.97,23.52
2022-07-13,26.82,33.67,23.72
2022-07-14,26.4,32.64,23.59
2022-07-15,24.23,30.39,21.12
2022-07-18,25.3,31.58,22
2022-07-19,24.5,30.66,21.34
2022-07-20,23.88,30.58,21.06
2022-07-21,23.11,29.31,19.38
2022-07-22,23.03,29.19,19.49
2022-07-25,23.36,29.42,19.6
2022-07-26,24.69,30.91,21.08
2022-07-27,23.24,29.59,19.61
2022-07-28,22.33,28.48,18.5
2022-07-29,21.33,27.25,17.84
2022-08-01,22.84,28.75,18.95
2022-08-02,23.93,30,20.19
2022-08-03,21.95,27.98,18.33
2022-08-04,21.44,27.81,18
2022-08-05,21.15,27.13,17.54
2022-08-08,21.29,27.65,18.25
2022-08-09,21.77,28.41,18.41
2022-08-10,19.74,25.72,16.52
2022-08-11,20.2,26.13,16.97
2022-08-12,19.53,25.18,16.52
2022-08-15,19.95,25.4,16.82
2022-08-16,19.69,25.55,16.69
2022-08-17,19.9,26.33,17.26
2022-08-18,19.56,25.52,19.73
2022-08-19,20.6,26.74,17.44
2022-08-22,23.8,29.65,20.18
2022-08-23,24.11,29.69,20.6
2022-08-24,22.82,28.96,19.9
2022-08-25,21.78,28.08,18.83
2022-08-26,25.56,31.72,22.36
2022-08-29,26.21,32.3,23.43
2022-08-30,26.21,32.12,23.16
2022-08-31,25.87,32.19,23.02
2022-09-01,25.56,32.26,22.24
2022-09-02,25.47,32.32,22.39
2022-09-05,25.99,,
2022-09-06,26.91,33.59,23.58
2022-09-07,24.64,31.56,21.79
2022-09-08,23.61,30.48,20.64
2022-09-09,22.79,29.23,20.12
2022-09-12,23.87,29.81,20.12
2022-09-13,27.27,33.18,23.03
2022-09-14,26.16,32.57,22.57
2022-09-15,26.27,32.65,23.14
2022-09-16,26.3,32.83,22.78
2022-09-19,25.76,32.36,22.65
2022-09-20,27.16,33.3,23.61
2022-09-21,27.99,33.87,24.19
2022-09-22,27.35,32.92,23.56
2022-09-23,29.92,34.88,25.46
2022-09-26,32.26,36.93,27.18
2022-09-27,32.6,37.15,27.82
2022-09-28,30.18,35.51,26.16
2022-09-29,31.84,36.91,27.24
2022-09-30,31.62,36.61,26.41
2022-10-03,30.1,35.56,25.97
2022-10-04,29.07,34.42,26.2
2022-10-05,28.55,34.33,25.86
2022-10-06,30.52,35.84,26.96
2022-10-07,31.36,36.86,27.86
2022-10-10,32.45,38.57,28.7
2022-10-11,33.63,39.38,32.15
2022-10-12,33.57,39.51,29.41
2022-10-13,31.94,38.27,28.31
2022-10-14,32.02,37.75,27.99
2022-10-17,31.37,37.07,27.53
2022-10-18,30.5,36.11,27.13
2022-10-19,30.76,36.37,27.24
2022-10-20,29.98,35.77,26.72
2022-10-21,29.69,35.25,26.26
2022-10-24,29.85,35.5,27.08
2022-10-25,28.46,34.14,25.72
2022-10-26,27.28,33.28,24.93
2022-10-27,27.39,33.82,24.71
2022-10-28,25.75,31.86,23.47
2022-10-31,25.88,31.16,23.78
2022-11-01,25.81,31.99,24.28
2022-11-02,25.86,32.1,24.35
2022-11-03,25.3,31.79,23.66
2022-11-04,24.55,30.86,23.05
2022-11-07,24.35,30.84,23.23
2022-11-08,25.54,31.53,24.86
2022-11-09,26.09,32.49,24.76
2022-11-10,23.53,30.35,22.77
2022-11-11,22.52,28.97,21.66
2022-11-14,23.73,30.02,21.87
2022-11-15,24.54,30.3,22.2
2022-11-16,24.11,30.05,21.56
2022-11-17,23.93,30.02,21.45
2022-11-18,23.12,29.25,20.91
2022-11-21,22.36,29,20.61
2022-11-22,21.29,27.79,19.72
2022-11-23,20.35,26.66,19.4
2022-11-24,20.42,,
2022-11-25,20.5,26.79,20.36
2022-11-28,22.21,28.31,21.49
2022-11-29,21.89,28.36,20.7
2022-11-30,20.58,26.46,19.25
2022-12-01,19.84,26.09,19.97
2022-12-02,19.06,24.78,18.7
2022-12-05,20.75,26.16,19.86
2022-12-06,22.17,27.53,20.42
2022-12-07,22.68,28.11,20.94
2022-12-08,22.29,27.59,20.35
2022-12-09,22.83,27.94,20.88
2022-12-12,25,30.06,20.99
2022-12-13,22.55,26.91,18.61
2022-12-14,21.14,25.75,16.71
2022-12-15,22.83,27.34,18.63
2022-12-16,22.62,27.33,18.8
2022-12-19,22.42,27.41,19.24
2022-12-20,21.48,26.65,18.46
2022-12-21,20.07,25.15,17.72
2022-12-22,21.97,27.35,19.09
2022-12-23,20.87,26.33,18.27
2022-12-27,21.65,27.78,19.43
2022-12-28,22.14,28.38,20.2
2022-12-29,21.44,27.36,19.63
2022-12-30,21.67,27.6,19.39
2023-01-03,22.9,29.11,20.14
2023-01-04,22.01,28.36,19.22
2023-01-05,22.46,28.81,19.61
2023-01-06,21.13,26.96,18.32
2023-01-09,21.97,27.86,19.34
2023-01-10,20.58,26.94,18.02
2023-01-11,21.09,27.34,18.58
2023-01-12,18.83,24.76,16.18
2023-01-13,18.35,23.82,15.78
2023-01-16,19.49,,
2023-01-17,19.36,24.75,16.51
2023-01-18,20.34,25.51,17.98
2023-01-19,20.52,25.28,18.15
2023-01-20,19.85,24.54,17.44
2023-01-23,19.81,24.61,17.56
2023-01-24,19.2,24.55,17.11
2023-01-25,19.08,24.54,17.12
2023-01-26,18.73,25.01,16.94
2023-01-27,18.51,24.57,16.81
2023-01-30,19.94,26.25,18.23
2023-01-31,19.4,25.79,17.77
2023-02-01,17.87,24.04,16.55
2023-02-02,18.73,25.06,17.31
2023-02-03,18.33,25.4,16.89
2023-02-06,19.43,25.89,17.21
2023-02-07,18.66,25.46,16.63
2023-02-08,19.63,26.45,17.52
2023-02-09,20.71,27.64,18.78
2023-02-10,20.53,27.09,18.49
2023-02-13,20.34,27.26,17.97
2023-02-14,18.91,25.06,17.01
2023-02-15,18.23,24.09,16.3
2023-02-16,20.17,26.06,17.74
2023-02-17,20.02,25.82,17.31
2023-02-20,21.23,,
2023-02-21,22.87,28.57,19.56
2023-02-22,22.29,28.02,19.35
2023-02-23,21.14,26.83,18.15
2023-02-24,21.67,27.18,18.47
2023-02-27,20.95,26.65,18.02
2023-02-28,20.7,26.4,17.9
2023-03-01,20.58,26.48,18.06
2023-03-02,19.59,25.7,17.13
2023-03-03,18.49,24.36,17.99
2023-03-06,18.61,24.25,16.6
2023-03-07,19.59,24.65,17.55
2023-03-08,19.11,24.08,17.26
2023-03-09,22.61,26.55,23.01
2023-03-10,24.8,27.94,21.22
2023-03-13,26.52,29.39,22.66
2023-03-14,23.73,26.72,20.1
2023-03-15,26.14,28.69,22
2023-03-16,22.99,26.62,19.4
2023-03-17,25.51,28.35,22.47
2023-03-20,24.15,27.55,21.34
2023-03-21,21.38,25.68,18.87
2023-03-22,22.26,26.6,20.44
2023-03-23,22.61,26.56,20.41
2023-03-24,21.74,25.78,20.2
2023-03-27,20.6,25.07,19.2
2023-03-28,19.97,24.5,18.87
2023-03-29,19.12,23.99,18.05
2023-03-30,19.02,23.99,17.98
2023-03-31,18.7,23.6,17.55
2023-04-03,18.55,23.67,16.63
2023-04-04,19,24.28,16.9
2023-04-05,19.08,24.62,16.72
2023-04-06,18.4,23.86,16.63
2023-04-10,18.97,24.56,15.82
2023-04-11,19.1,24.71,16.62
2023-04-12,19.09,24.49,16.47
2023-04-13,17.8,23.28,15.38
2023-04-14,17.07,22.22,14.7
2023-04-17,16.95,21.91,14.32
2023-04-18,16.83,21.41,14.33
2023-04-19,16.46,21.24,14.48
2023-04-20,17.17,21.77,15.37
2023-04-21,16.77,21.29,17.32
2023-04-24,16.89,21.52,15.91
2023-04-25,18.76,22.97,16.86
2023-04-26,18.84,22.77,17.31
2023-04-27,17.03,21.05,15.27
2023-04-28,15.78,20.12,14.26
2023-05-01,16.08,20.19,14.84
2023-05-02,17.78,21.63,16.72
2023-05-03,18.34,22.03,17.42
2023-05-04,20.09,23.14,19.03
2023-05-05,17.19,20.36,15.92
2023-05-08,16.98,20.31,16.33
2023-05-09,17.71,20.85,17.18
2023-05-10,16.94,19.76,16.6
2023-05-11,16.93,19.4,16.38
2023-05-12,17.03,19.53,16.18
2023-05-15,17.12,19.55,15.87
2023-05-16,17.99,19.84,16.68
2023-05-17,16.87,19.16,15.19
2023-05-18,16.05,19.32,14.82
2023-05-19,16.81,19.68,15.15
2023-05-22,17.21,19.97,15.33
2023-05-23,18.53,20.99,16.46
2023-05-24,20.03,22.4,17.67
2023-05-25,19.14,21.69,16.74
2023-05-26,17.95,22.21,16.82
2023-05-29,17.46,,
2023-05-30,17.46,22.42,16.62
2023-05-31,17.94,22.12,16.3
2023-06-01,15.65,20.46,14.88
2023-06-02,14.6,19.29,13.8
2023-06-05,14.73,19.42,14.12
2023-06-06,13.96,18.54,13.64
2023-06-07,13.94,19.21,13.43
2023-06-08,13.65,18.66,13.1
2023-06-09,13.83,18.89,12.96
2023-06-12,15.01,20.46,15.02
2023-06-13,14.61,20.06,14
2023-06-14,13.88,19.72,14.91
2023-06-15,14.5,20.28,14.21
2023-06-16,13.54,19.55,13.22
2023-06-19,14.19,,
2023-06-20,13.88,19.95,13.05
2023-06-21,13.2,19.29,12.22
2023-06-22,12.91,18.82,11.66
2023-06-23,13.44,19.29,12.14
2023-06-26,14.25,20.37,11.87
2023-06-27,13.74,20.08,11.12
2023-06-28,13.43,20.02,11.75
2023-06-29,13.54,19.98,12.49
2023-06-30,13.59,19.55,10.27
2023-07-03,13.57,19.87,13.46
2023-07-04,13.7,,
2023-07-05,14.18,19.91,12.07
2023-07-06,15.44,21.11,11.64
2023-07-07,14.83,20.6,12.28
2023-07-10,15.07,21.08,13.38
2023-07-11,14.84,20.9,13.86
2023-07-12,13.54,19.48,12.7
2023-07-13,13.61,19.78,12.74
2023-07-14,13.34,19.65,12.39
2023-07-17,13.48,19.43,12.84
2023-07-18,13.3,19.29,12.84
2023-07-19,13.76,19.68,11.9
2023-07-20,13.99,20.2,12.54
2023-07-21,13.6,19.61,11.31
2023-07-24,13.91,19.83,12.97
2023-07-25,13.86,19.71,12.57
2023-07-26,13.19,18.99,12.7
2023-07-27,14.41,19.83,12.77
2023-07-28,13.33,18.92,11.86
2023-07-31,13.63,19.32,12
2023-08-01,13.93,19.67,12.16
2023-08-02,16.09,22.13,13.71
2023-08-03,15.92,22.08,11.68
2023-08-04,17.1,22.02,13.1
2023-08-07,15.77,20.82,13.74
2023-08-08,15.99,21.07,14.07
2023-08-09,15.96,21.5,14.49
2023-08-10,15.85,21.03,12.72
2023-08-11,14.84,20.45,13.49
2023-08-14,14.82,20.2,12.6
2023-08-15,16.46,21.37,14.34
2023-08-16,16.78,22.08,15.5
2023-08-17,17.89,22.71,15.32
2023-08-18,17.3,22.01,14.44
2023-08-21,17.13,21.89,14.42
2023-08-22,16.97,21.82,14.54
2023-08-23,15.98,21.36,13.48
2023-08-24,17.2,22.58,14.41
2023-08-25,15.68,20.88,13.7
2023-08-28,15.08,20.39,12.65
2023-08-29,14.45,19.33,12.27
2023-08-30,13.88,19.07,11.99
2023-08-31,13.57,18.74,12.15
2023-09-01,13.09,18.41,11.64
2023-09-04,13.82,,
2023-09-05,14.01,19.4,12.09
2023-09-06,14.45,19.79,12.94
2023-09-07,14.4,19.95,12.84
2023-09-08,13.84,19.15,11.97
2023-09-11,13.8,18.84,11.99
2023-09-12,14.23,19.21,12.25
2023-09-13,13.48,18.07,11.73
2023-09-14,12.82,17.25,10.37
2023-09-15,13.79,18.69,11.52
2023-09-18,14,18.96,11.96
2023-09-19,14.11,19.21,12.27
2023-09-20,15.14,20.46,13.11
2023-09-21,17.54,22.48,14.48
2023-09-22,17.2,22.01,14.14
2023-09-25,16.9,21.65,12.96
2023-09-26,18.94,22.87,15.32
2023-09-27,18.22,22.34,15.29
2023-09-28,17.34,21.53,12.44
2023-09-29,17.52,21.28,15.48
2023-10-02,17.61,21.51,14.45
2023-10-03,19.78,23.77,16.12
2023-10-04,18.58,22.68,15.37
2023-10-05,18.49,22.76,15.02
2023-10-06,17.45,21.41,12.44
2023-10-09,17.7,21.82,14.87
2023-10-10,17.03,21.13,14.02
2023-10-11,16.09,20.16,13.18
2023-10-12,16.69,20.63,13.25
2023-10-13,19.32,22.75,15.07
2023-10-16,17.21,21.39,13.98
2023-10-17,17.88,21.96,14.51
2023-10-18,19.22,23.44,15.19
2023-10-19,21.4,24.74,16.7
2023-10-20,21.71,25.31,16.55
2023-10-23,20.37,23.97,16.26
2023-10-24,18.97,22.34,16.15
2023-10-25,20.19,24.34,15.88
2023-10-26,20.68,24.85,16.97
2023-10-27,21.27,24.44,17.12
2023-10-30,19.75,23.61,16.17
2023-10-31,18.14,22.46,14.79
2023-11-01,16.87,20.68,13.6
2023-11-02,15.66,19.54,13.57
2023-11-03,14.91,18.62,12.58
2023-11-06,14.89,18.65,12.25
2023-11-07,14.81,18.45,11.99
2023-11-08,14.45,18.16,11.78
2023-11-09,15.29,19.01,12.37
2023-11-10,14.17,17.95,11.41
2023-11-13,14.76,18.82,11.88
2023-11-14,14.16,17.89,10.75
2023-11-15,14.18,18.09,10.9
2023-11-16,14.32,17.83,11.55
2023-11-17,13.8,17.41,11.38
2023-11-20,13.41,17.14,11.15
2023-11-21,13.35,17.55,11.37
2023-11-22,12.85,16.66,10.93
2023-11-23,12.8,,
2023-11-24,12.46,16.12,10.56
2023-11-27,12.69,16.44,11.05
2023-11-28,12.69,16.15,10.84
2023-11-29,12.98,16.52,10.45
2023-11-30,12.92,16.72,15.24
2023-12-01,12.63,16.21,11.88
2023-12-04,13.08,17.21,12.99
2023-12-05,12.85,16.99,13.9
2023-12-06,12.97,17.03,10.57
2023-12-07,13.06,17.08,10.57
2023-12-08,12.35,15.94,13.54
2023-12-11,12.63,16.27,13.54
2023-12-12,12.07,15.38,13.54
2023-12-13,12.19,15.35,13.54
2023-12-14,12.48,15.42,13.54
2023-12-15,12.28,15.47,10.61
2023-12-18,12.56,15.87,11.34
2023-12-19,12.53,15.8,11.53
2023-12-20,13.67,16.98,12.24
2023-12-21,13.65,17.18,12.13
2023-12-22,13.03,16.62,11.94
2023-12-26,12.99,17,11.91
2023-12-27,12.43,16.22,10.46
2023-12-28,12.47,16.36,18.26
2023-12-29,12.45,16.2,11.71
2024-01-02,13.2,17.59,12.18
2024-01-03,14.04,18.02,11.52
2024-01-04,14.13,17.89,14.76
2024-01-05,13.35,17.13,11.76
2024-01-08,13.08,16.86,11.79
2024-01-09,12.76,16.55,11.79
2024-01-10,12.69,16.6,11.53
2024-01-11,12.44,16.4,10.91
2024-01-12,12.7,16.54,19.09
2024-01-15,13.25,,
2024-01-16,13.84,17.87,11.86
2024-01-17,14.79,18.7,12.13
2024-01-18,14.13,17.95,11.78
2024-01-19,13.3,17.4,11.39
2024-01-22,13.19,17.2,11.98
2024-01-23,12.55,16.55,11.01
2024-01-24,13.14,16.96,11.29
2024-01-25,13.45,17.26,11.27
2024-01-26,13.26,17.03,11.88
2024-01-29,13.6,17.39,12.17
2024-01-30,13.31,17.57,12.03
2024-01-31,14.35,18.25,12.61
2024-02-01,13.88,11.2,11.36
2024-02-02,13.85,17.22,12.06
2024-02-05,13.67,17.57,12.04
2024-02-06,13.06,17.31,11.87
2024-02-07,12.83,16.94,11.64
2024-02-08,12.79,16.96,11.51
2024-02-09,12.93,16.86,11.44
2024-02-12,13.93,18.09,11.44
2024-02-13,15.85,19.49,11.44
2024-02-14,14.38,18.26,11.44
2024-02-15,14.01,17.85,11.44
2024-02-16,14.24,18.6,11.44
2024-02-19,14.71,,
2024-02-20,15.42,19.78,13.85
2024-02-21,15.34,19.6,13.54
2024-02-22,14.54,18.39,13.45
2024-02-23,13.75,17.7,11.62
2024-02-26,13.74,17.83,12.08
2024-02-27,13.43,17.58,11.69
2024-02-28,13.84,17.86,14.24
2024-02-29,13.4,17.21,11.73
2024-03-01,13.11,17.2,11.35
2024-03-04,13.49,17.6,11.77
2024-03-05,14.46,18.46,15.84
2024-03-06,14.5,18.54,14.94
2024-03-07,14.44,18.61,14.89
2024-03-08,14.74,19.04,12.34
2024-03-11,15.22,19.37,12.3
2024-03-12,13.84,18.13,11.99
2024-03-13,13.75,17.91,11.15
2024-03-14,14.4,18.61,11
2024-03-15,14.41,19.25,11.08
2024-03-18,14.33,19.4,11.62
2024-03-19,13.82,18.78,11.23
2024-03-20,13.04,17.55,10.81
2024-03-21,12.92,17.38,22.91
2024-03-22,13.06,17.04,10.91
2024-03-25,13.19,17.23,12.53
2024-03-26,13.24,17.1,11.29
2024-03-27,12.78,16.61,10.66
2024-03-28,13.01,16.66,11.17
2024-04-01,13.65,17.56,14.85
2024-04-02,14.61,18.18,12.57
2024-04-03,14.33,18.04,12.57
2024-04-04,16.35,19.95,13.4
2024-04-05,16.03,19.23,13.19
2024-04-08,15.19,18.77,13.84
2024-04-09,14.98,18.56,13.82
2024-04-10,15.8,18.99,14.53
2024-04-11,14.91,18.4,14.17
2024-04-12,17.31,20.39,15.93
2024-04-15,19.23,22.84,17.27
2024-04-16,18.4,22.01,16.09
2024-04-17,18.21,22.21,15.89
2024-04-18,18,21.64,15.45
2024-04-19,18.71,22.95,15.74
2024-04-22,16.94,21.11,14.45
2024-04-23,15.69,19.84,13.5
2024-04-24,15.97,20.43,13.62
2024-04-25,15.37,20.37,10.74
2024-04-26,15.03,19.33,13.01
2024-04-29,14.67,19.22,13.08
2024-04-30,15.65,18.43,13.56
2024-05-01,15.39,19.43,13.84
2024-05-02,14.68,18.73,12.8
2024-05-03,13.49,17.4,12.11
2024-05-06,13.49,17.42,12.19
2024-05-07,13.23,16.91,11.84
2024-05-08,13,16.8,11.76
2024-05-09,12.69,16.67,11.7
2024-05-10,12.55,16.46,11.66
2024-05-13,13.6,17.4,12.29
2024-05-14,13.42,17.29,12.21
2024-05-15,12.45,16.34,10.15
2024-05-16,12.42,16.26,10.17
2024-05-17,11.99,15.85,10.82
2024-05-20,12.15,15.92,9.64
2024-05-21,11.86,15.51,9.68
2024-05-22,12.29,16.4,8.67
2024-05-23,12.77,16.46,9.37
2024-05-24,11.93,15.66,10.9
2024-05-27,12.36,,
2024-05-28,12.92,16.57,10.75
2024-05-29,14.28,17.49,12.81
2024-05-30,14.47,17.77,13.1
2024-05-31,12.92,16.7,11.57
2024-06-03,13.11,16.89,12.34
2024-06-04,13.16,16.86,12.33
2024-06-05,12.63,16.63,11.89
2024-06-06,12.58,16.43,11.67
2024-06-07,12.22,15.88,11.49
2024-06-10,12.74,16,11.9
2024-06-11,12.85,15.83,12.03
2024-06-12,12.04,13.59,10.87
2024-06-13,11.94,15.1,11.02
2024-06-14,12.66,16.05,12.2
2024-06-17,12.75,16.83,11.79
2024-06-18,12.3,16.7,11.86
2024-06-19,12.48,,
2024-06-20,13.28,17.26,12.72
2024-06-21,13.2,16.95,12.18
2024-06-24,13.33,17.24,12.58
2024-06-25,12.84,16.7,12.34
2024-06-26,12.55,16.5,12.27
2024-06-27,12.24,16.29,11.51
2024-06-28,12.44,16.24,11.58
2024-07-01,12.22,16.08,11.54
2024-07-02,12.03,16.07,11.26
2024-07-03,12.09,16.28,11.38
2024-07-04,12.26,,
2024-07-05,12.48,16.76,11.42
2024-07-08,12.37,17.03,11.94
2024-07-09,12.51,17.02,12.42
2024-07-10,12.85,17.28,12.56
2024-07-11,12.92,17.92,12.56
2024-07-12,12.46,17.26,11.54
2024-07-15,13.12,18.35,12.15
2024-07-16,13.19,18.35,12.83
2024-07-17,14.48,20.46,14.6
2024-07-18,15.93,21.26,15.15
2024-07-19,16.52,21.51,15.47
2024-07-22,14.91,19.97,14.06
2024-07-23,14.72,20.02,14.02
2024-07-24,18.04,23.06,15.82
2024-07-25,18.46,24.11,16.06
2024-07-26,16.39,22.41,14.8
2024-07-29,16.6,22.83,15.08
2024-07-30,17.69,23.94,15.86
2024-07-31,16.36,22.29,14.67
2024-08-01,18.59,24.71,16.67
2024-08-02,23.39,27.71,17.13
2024-08-05,38.57,35.1,26.68
2024-08-06,27.71,29.2,20.5
2024-08-07,27.85,29.02,22.65
2024-08-08,23.79,26.88,19.24
2024-08-09,20.37,24.94,16.71
2024-08-12,20.71,24.93,17.05
2024-08-13,18.12,23.26,14.63
2024-08-14,16.19,21.19,14.25
2024-08-15,15.23,20.28,13.81
2024-08-16,14.8,19.94,13.35
2024-08-19,14.65,19.93,12.88
2024-08-20,15.88,21.11,13.52
2024-08-21,16.27,21.22,14
2024-08-22,17.55,22.83,15.37
2024-08-23,15.86,21.11,14
2024-08-26,16.15,21.57,14.49
2024-08-27,15.43,20.91,13.68
2024-08-28,17.11,22.58,15.5
2024-08-29,15.65,20.58,14.13
2024-08-30,15,19.29,13.32
2024-09-02,15.55,,
2024-09-03,20.72,23.59,17.16
2024-09-04,21.32,24.2,17.91
2024-09-05,19.9,23.54,16.98
2024-09-06,22.38,25.64,18.79
2024-09-09,19.45,23.92,16.12
2024-09-10,19.08,23.62,16.45
2024-09-11,17.69,22.16,15.17
2024-09-12,17.07,21.73,14.5
2024-09-13,16.56,21.28,14.44
2024-09-16,17.14,22.51,14.94
2024-09-17,17.61,22.69,24.52
2024-09-18,18.23,22.71,15.5
2024-09-19,16.33,21.09,14.87
2024-09-20,16.15,20.35,14.73
2024-09-23,15.89,19.54,15.01
2024-09-24,15.39,19.25,14.75
2024-09-25,15.41,19.07,25.23
2024-09-26,15.37,19.29,15.51
2024-09-27,16.96,20.04,14.93
2024-09-30,16.73,20.19,16.57
2024-10-01,19.26,21.67,18.06
2024-10-02,18.9,21.35,17.54
2024-10-03,20.49,22.48,18.36
2024-10-04,19.21,21.64,17.12
2024-10-07,22.64,24.34,19.75
2024-10-08,21.42,23.62,18.52
2024-10-09,20.86,23.42,17.92
2024-10-10,20.93,23.6,17.86
2024-10-11,20.46,23.29,17.78
2024-10-14,19.7,23.32,17.83
2024-10-15,20.64,24.54,18.33
2024-10-16,19.58,23.64,17.41
2024-10-17,19.11,22.85,17.05
2024-10-18,18.03,21.76,16.28
2024-10-21,18.37,21.96,16.75
2024-10-22,18.2,22.03,16.87
2024-10-23,19.24,22.92,17.99
2024-10-24,19.08,22.47,17.62
2024-10-25,20.33,23.24,18.25
2024-10-28,19.8,22.93,18.26
2024-10-29,19.34,22.44,18.25
2024-10-30,20.35,23.09,19.1
2024-10-31,23.16,24.86,14.72
2024-11-01,21.88,23.74,19.72
2024-11-04,21.98,23.88,20.06
2024-11-05,20.49,22.5,18.42
2024-11-06,16.27,18.86,15.66
2024-11-07,15.2,18.35,14.34
2024-11-08,14.94,17.88,14.36
2024-11-11,14.97,18.37,14.93
2024-11-12,14.71,18.12,14.37
2024-11-13,14.02,17.5,13.92
2024-11-14,14.31,17.7,13.24
2024-11-15,16.14,19.83,14.31
2024-11-18,15.58,19.77,13.66
2024-11-19,16.35,19.99,14.88
2024-11-20,17.16,20.85,14.86
2024-11-21,16.87,20.21,14.64
2024-11-22,15.24,18.57,13.85
2024-11-25,14.6,17.59,14.04
2024-11-26,14.1,16.8,13.7
2024-11-27,14.1,16.68,13.98
2024-11-28,13.9,,
2024-11-29,13.51,16.07,14.05
2024-12-02,13.34,16.12,13.85
2024-12-03,13.3,15.76,13.5
2024-12-04,13.45,15.69,13.72
2024-12-05,13.54,15.69,13.82
2024-12-06,12.77,15.15,13.28
2024-12-09,14.19,16.55,14.11
2024-12-10,14.18,16.54,14.13
2024-12-11,13.58,15.88,14.11
2024-12-12,13.92,16.36,14.25
2024-12-13,13.81,16.61,14.24
2024-12-16,14.69,18.44,14.58
2024-12-17,15.87,19.44,15.36
2024-12-18,27.62,27.63,21.62
2024-12-19,24.09,26.33,20.88
2024-12-20,18.36,21.49,16.98
2024-12-23,16.78,19.03,15.93
2024-12-24,14.27,17.03,14.13
2024-12-26,14.73,17.53,14.35
2024-12-27,15.95,18.54,14.96
2024-12-30,17.4,19.79,15.84

2024-12-31,17.35,19.92,15.75
